bundle_asset_id,product_asset_id
B_00be601cabec,I_4f98457b567a
B_00be601cabec,I_7d1a2fd4f275
B_00be601cabec,I_9ec51cb7edc7
B_00be601cabec,I_b75d085333e9
B_00be601cabec,I_e519623e1a03
B_00efaa88351d,I_30bec486edb5
B_00efaa88351d,I_6f93c289ef4e
B_00efaa88351d,I_baa9d46f32bc
B_00efaa88351d,I_cce24bb7399e
B_00fb011f20ae,I_0cdb4e463f01
B_00fb011f20ae,I_1fe832fffb92
B_00fb011f20ae,I_5612621db5f9
B_00fb011f20ae,I_697c553a150e
B_00fb011f20ae,I_765c35bb0422
B_00fb011f20ae,I_905dc7e81078
B_00fb011f20ae,I_f1d6623edc6e
B_00fb011f20ae,I_fe91393ac4b9
B_00fc64a41bbc,I_1e648ed35f1d
B_00fc64a41bbc,I_38e69bad5283
B_00fc64a41bbc,I_78da5c04b312
B_00fc64a41bbc,I_88987a1dbc67
B_00fc64a41bbc,I_cdd6c6b26f6b
B_00fc64a41bbc,I_d07edd4a9b6b
B_00fc64a41bbc,I_e3a92d8a555e
B_00fc64a41bbc,I_fd5a422ae630
B_03f4266920d5,I_577101e6a433
B_03f4266920d5,I_9f38a173e76a
B_03f4266920d5,I_e03763554767
B_05164ac144ae,I_0cdb4e463f01
B_05164ac144ae,I_baa9d46f32bc
B_05164ac144ae,I_fd5a422ae630
B_06a21333b4d3,I_1040bb92e980
B_06a21333b4d3,I_1db428313bc8
B_06a21333b4d3,I_4c1da80e9a4e
B_06a21333b4d3,I_7953f44fa05a
B_06cb5c01bdbe,I_a532a19b5330
B_06cb5c01bdbe,I_e3f834e77d91
B_06f2da4220fb,I_6cb5708f3d95
B_06f2da4220fb,I_b4016074d3a2
B_06f2da4220fb,I_d0490917bc23
B_0918af535d78,I_09c52c5779dd
B_0918af535d78,I_1a3b525706a0
B_0918af535d78,I_2a77674f6d82
B_0918af535d78,I_38e69bad5283
B_0918af535d78,I_57df8044195d
B_0918af535d78,I_7792ab8df4b1
B_0918af535d78,I_dece03f0085e
B_0918af535d78,I_fd5a422ae630
B_095e0e154185,I_7156c2086984
B_095e0e154185,I_a98eeef5ba74
B_095e0e154185,I_d07edd4a9b6b
B_095e0e154185,I_eb2c73b6df1f
B_095e0e154185,I_f5cfa980d066
B_0be5dc74877b,I_0cdb4e463f01
B_0be5dc74877b,I_3b2d6643cdd7
B_0be5dc74877b,I_3f6a05ea95b2
B_0be5dc74877b,I_431768a88ebd
B_0be5dc74877b,I_7c21645a4815
B_0be5dc74877b,I_9bc112363132
B_0be5dc74877b,I_ed6b4feb31ee
B_0c407bb1109e,I_1e56d95bdb1c
B_0c407bb1109e,I_40a4c0fc62ad
B_0c407bb1109e,I_630314518766
B_0c407bb1109e,I_d07edd4a9b6b
B_0c407bb1109e,I_f5cfa980d066
B_0c407bb1109e,I_fc012d76c716
B_0c99ec4eabdf,I_11335cef8b7b
B_0c99ec4eabdf,I_49133eda1d06
B_0c99ec4eabdf,I_53238dd02094
B_0c99ec4eabdf,I_6360c724ff5a
B_0c99ec4eabdf,I_6a67ccd96bfa
B_0c99ec4eabdf,I_7b47e11b1ba0
B_0d564f7cac5c,I_0f99fb73d65a
B_0d564f7cac5c,I_1e56d95bdb1c
B_0d564f7cac5c,I_40a4c0fc62ad
B_0d564f7cac5c,I_491a4370096f
B_0d564f7cac5c,I_7134a57ed554
B_0d564f7cac5c,I_823bb5375090
B_0d564f7cac5c,I_ebb9c9929bf9
B_0d564f7cac5c,I_f5cfa980d066
B_0d564f7cac5c,I_fc012d76c716
B_0d688197a4e8,I_d9c222417eba
B_0e2d7f48121b,I_8292c44737af
B_0e2d7f48121b,I_f9daa431e064
B_0e733ae957e5,I_5c53e50238c9
B_0e733ae957e5,I_9492411a2dda
B_0e733ae957e5,I_9d52f9d7cb44
B_0ed225f00f9e,I_2b4157a7e301
B_0ed225f00f9e,I_ed214794cd6d
B_0f084a1c7740,I_0cdb4e463f01
B_0f084a1c7740,I_9bc112363132
B_0ff94757ad9a,I_9bc112363132
B_1069510d3cff,I_4f98457b567a
B_1109f8c6b106,I_11335cef8b7b
B_1109f8c6b106,I_49133eda1d06
B_1109f8c6b106,I_4ce08f65e94f
B_1109f8c6b106,I_6a67ccd96bfa
B_1109f8c6b106,I_7b47e11b1ba0
B_1109f8c6b106,I_9cc5b60cc34d
B_1109f8c6b106,I_ffa13ba6ac30
B_11153349f642,I_39c67b0b3f12
B_11153349f642,I_488f8808aa7d
B_11153349f642,I_d07edd4a9b6b
B_11153349f642,I_f5cfa980d066
B_11153349f642,I_f6653b71f68c
B_111ed9379c6d,I_0c5643486496
B_111ed9379c6d,I_1a1178fdf6d8
B_111ed9379c6d,I_5cb17fbdef45
B_111ed9379c6d,I_818f7347e352
B_111ed9379c6d,I_a10f8847b2ee
B_111ed9379c6d,I_a678c93e12b6
B_111ed9379c6d,I_ac257e178fdc
B_111ed9379c6d,I_b415d958c5f4
B_111ed9379c6d,I_ccbb02dd556f
B_12c34e3d4e62,I_0cdb4e463f01
B_12c34e3d4e62,I_697c553a150e
B_12c34e3d4e62,I_9bc112363132
B_13178447f832,I_75bad5fda067
B_13178447f832,I_ee34f948aeb9
B_13178447f832,I_fa925dbf595d
B_1337653a821b,I_060995d34a1d
B_1337653a821b,I_43da1073baa5
B_1337653a821b,I_6bf789024a7f
B_1337653a821b,I_df12bf208adb
B_1337653a821b,I_fa0940f054bb
B_1395aa0863a0,I_081d6e9061a8
B_1395aa0863a0,I_0cdb4e463f01
B_1395aa0863a0,I_1f6aa4c46890
B_1395aa0863a0,I_38e69bad5283
B_1395aa0863a0,I_3f1836ce39b4
B_1395aa0863a0,I_5612621db5f9
B_1395aa0863a0,I_88a74b627945
B_1395aa0863a0,I_f1d6623edc6e
B_1395aa0863a0,I_fd5a422ae630
B_14207fc52716,I_2a77674f6d82
B_14207fc52716,I_38e69bad5283
B_14207fc52716,I_dece03f0085e
B_14207fc52716,I_fd5a422ae630
B_1513dc328a9c,I_22a66b43e834
B_1513dc328a9c,I_3ae7d70917e9
B_1513dc328a9c,I_485fd7db9ed5
B_1513dc328a9c,I_a86bd5e4c924
B_1560b2e5ae8c,I_49133eda1d06
B_1560b2e5ae8c,I_6360c724ff5a
B_1560b2e5ae8c,I_b694f9afc7f8
B_1560b2e5ae8c,I_fc7fad2dbf4d
B_1633c9350951,I_1db428313bc8
B_1633c9350951,I_488f8808aa7d
B_1633c9350951,I_4c1da80e9a4e
B_1633c9350951,I_7108a84b3aa1
B_1633c9350951,I_7953f44fa05a
B_1633c9350951,I_9e9e5bdf8369
B_1633c9350951,I_baa9d46f32bc
B_1633c9350951,I_ed67bb6cc6e8
B_16694a105050,I_33c611a93421
B_16694a105050,I_507ff9b3a95a
B_16694a105050,I_7863f0d8b3aa
B_16694a105050,I_ad52757605d1
B_16694a105050,I_af843f21af8a
B_16694a105050,I_f856d99edadb
B_16694a105050,I_fb96896c0091
B_1706b8921d8e,I_5ce1ab53f383
B_1706b8921d8e,I_a5fe29ce2045
B_18e88203a5eb,I_11335cef8b7b
B_18e88203a5eb,I_2bae689d7865
B_18e88203a5eb,I_49133eda1d06
B_18e88203a5eb,I_5e37a6f33329
B_18e88203a5eb,I_6a67ccd96bfa
B_18e88203a5eb,I_7b47e11b1ba0
B_1936c676f1e0,I_1a1178fdf6d8
B_1936c676f1e0,I_827ba670ec2d
B_1936c676f1e0,I_b415d958c5f4
B_1936c676f1e0,I_ccbb02dd556f
B_196047db7f0d,I_38e69bad5283
B_196047db7f0d,I_3a3e8a3006a7
B_196047db7f0d,I_5292bf1c239c
B_196047db7f0d,I_57ded50c6f82
B_196047db7f0d,I_75e36914c281
B_196047db7f0d,I_7792ab8df4b1
B_196047db7f0d,I_ac6e3ad08dde
B_196047db7f0d,I_fd5a422ae630
B_19882a146499,I_38e69bad5283
B_19882a146499,I_7792ab8df4b1
B_19882a146499,I_ea8152381d7a
B_19882a146499,I_f5fe88cd876f
B_19882a146499,I_fd5a422ae630
B_19b64582e911,I_cc55cbf611a2
B_19b64582e911,I_e50f62ddf36e
B_1a450685a031,I_1c0ecfe49d69
B_1a450685a031,I_697c553a150e
B_1a450685a031,I_905dc7e81078
B_1a450685a031,I_9483c8e0e19a
B_1a450685a031,I_d07edd4a9b6b
B_1a450685a031,I_fe91393ac4b9
B_1a7af9200ddf,I_38e69bad5283
B_1a8dca5a4072,I_cde1e76f6cfc
B_1b456c0d1d83,I_1e56d95bdb1c
B_1b456c0d1d83,I_40a4c0fc62ad
B_1b456c0d1d83,I_eb2c73b6df1f
B_1b456c0d1d83,I_f5cfa980d066
B_1b456c0d1d83,I_fc012d76c716
B_1badcc9ce61a,I_11335cef8b7b
B_1badcc9ce61a,I_11da3ca394cf
B_1badcc9ce61a,I_178cfee36a7f
B_1badcc9ce61a,I_61a61ae59708
B_1badcc9ce61a,I_6a67ccd96bfa
B_1badcc9ce61a,I_704de07ccd74
B_1badcc9ce61a,I_7b47e11b1ba0
B_1badcc9ce61a,I_b79aa7c22b40
B_1bd8084189fe,I_11da3ca394cf
B_1bd8084189fe,I_178cfee36a7f
B_1bd8084189fe,I_1a4072b57f92
B_1bd8084189fe,I_704de07ccd74
B_1bd8084189fe,I_b79aa7c22b40
B_1be5266e8ae7,I_050cb4cafdb6
B_1be5266e8ae7,I_630314518766
B_1be5266e8ae7,I_76b5836cf73b
B_1be5266e8ae7,I_8292c44737af
B_1be5266e8ae7,I_836b51ec2d3d
B_1be5266e8ae7,I_d80fef766d54
B_1be5266e8ae7,I_f5cfa980d066
B_1bf6f36ec163,I_395714a6c375
B_1bf6f36ec163,I_4ce08f65e94f
B_1bf6f36ec163,I_ffa13ba6ac30
B_1c2b5b98b450,I_0c5643486496
B_1c2b5b98b450,I_1e09feea752e
B_1c2b5b98b450,I_22329bc261b0
B_1c2b5b98b450,I_31c5ad697194
B_1c2b5b98b450,I_6fdde165caba
B_1c2b5b98b450,I_7a326dd1649e
B_1c2b5b98b450,I_a10f8847b2ee
B_1c2b5b98b450,I_a678c93e12b6
B_1c2b5b98b450,I_ac257e178fdc
B_1c2b5b98b450,I_b415d958c5f4
B_1c2b5b98b450,I_b530518746ab
B_1c2b5b98b450,I_dac6273b2160
B_1c48fbc038f1,I_633010d160a8
B_1c48fbc038f1,I_6cec2f6bb9fd
B_1c48fbc038f1,I_9d090b6cefde
B_1c7710d97f62,I_11335cef8b7b
B_1c7710d97f62,I_12b9f5403167
B_1c7710d97f62,I_22c5b8e9ac80
B_1c7710d97f62,I_3ec7d7bf4335
B_1c7710d97f62,I_49133eda1d06
B_1c7710d97f62,I_6a67ccd96bfa
B_1c7710d97f62,I_6c2e33f3b9b7
B_1c7710d97f62,I_7b47e11b1ba0
B_1cc05902cdc0,I_7313a45e589e
B_1cc05902cdc0,I_f56ee3a8d967
B_1d0047ebfe84,I_0f6e70f76f22
B_1d0047ebfe84,I_38e69bad5283
B_1d0047ebfe84,I_548572b2ca12
B_1d0047ebfe84,I_7cb721d49d5f
B_1d0047ebfe84,I_abcd08dd0784
B_1d0281d4eec3,I_0f99fb73d65a
B_1d0281d4eec3,I_1e56d95bdb1c
B_1d0281d4eec3,I_40a4c0fc62ad
B_1d0281d4eec3,I_fc012d76c716
B_1d3d47be3a05,I_11335cef8b7b
B_1d3d47be3a05,I_33749721561d
B_1d3d47be3a05,I_49133eda1d06
B_1d3d47be3a05,I_5485ec6fa9ac
B_1d3d47be3a05,I_774ad09b5793
B_1d3d47be3a05,I_f3bfef561833
B_1d7f1050ca31,I_009a2a6259b0
B_1de9a4bf210b,I_ceca7a7b2cda
B_1f0a65a8348a,I_f5cfa980d066
B_1f431f7e613e,I_017f02e76499
B_1f431f7e613e,I_38e69bad5283
B_20265bae7be6,I_06d8bfe985d0
B_2058cf8ce70d,I_830de66f93a1
B_2178b105a88f,I_d77cf658ad43
B_21b5565fa657,I_11335cef8b7b
B_21b5565fa657,I_57879d380b75
B_21b5565fa657,I_6a67ccd96bfa
B_21b5565fa657,I_7b47e11b1ba0
B_21f9b6e319e8,I_697c553a150e
B_225e89053d4c,I_38e69bad5283
B_225e89053d4c,I_3c4d3eb29aae
B_225e89053d4c,I_ac6e3ad08dde
B_225e89053d4c,I_f5fe88cd876f
B_225e89053d4c,I_fd5a422ae630
B_227d5e3757b0,I_1df15cc748a4
B_227d5e3757b0,I_d07edd4a9b6b
B_2322062651aa,I_6360c724ff5a
B_2322062651aa,I_94967b4db22f
B_23bac9cdcdcf,I_0f6a2b20dd1e
B_23bac9cdcdcf,I_9d6786a85c68
B_23bac9cdcdcf,I_c5869450fa13
B_23c6d75ac850,I_09bbeef4b3f9
B_23c6d75ac850,I_2a77674f6d82
B_23c6d75ac850,I_38e69bad5283
B_23c6d75ac850,I_7792ab8df4b1
B_23c6d75ac850,I_d07edd4a9b6b
B_23c6d75ac850,I_d242086d707e
B_23c6d75ac850,I_f5fe88cd876f
B_23c6d75ac850,I_fd5a422ae630
B_24a4a79804eb,I_0cdb4e463f01
B_24a4a79804eb,I_217325032437
B_24a4a79804eb,I_507bdccd86ed
B_24a4a79804eb,I_88d00e657b85
B_24a4a79804eb,I_aa8183cc6e3f
B_24a4a79804eb,I_efbd6b04aeb4
B_24bf287ea85b,I_1bd84cb55c76
B_24bf287ea85b,I_3552ec9ea6f3
B_24bf287ea85b,I_cb0cca2a03ff
B_24cb72ff87ba,I_0cdb4e463f01
B_24cb72ff87ba,I_9bc112363132
B_25dd23fafc8c,I_11335cef8b7b
B_25dd23fafc8c,I_49133eda1d06
B_25dd23fafc8c,I_6a67ccd96bfa
B_25dd23fafc8c,I_71841d0124a5
B_25dd23fafc8c,I_7b47e11b1ba0
B_26486a67de9a,I_22a66b43e834
B_26486a67de9a,I_3ae7d70917e9
B_26486a67de9a,I_3e31e9fafeee
B_26486a67de9a,I_7fd45d840e0b
B_26e275968d3f,I_0cdb4e463f01
B_26e275968d3f,I_217325032437
B_26e275968d3f,I_507bdccd86ed
B_26e275968d3f,I_88d00e657b85
B_26e275968d3f,I_9bc112363132
B_26e275968d3f,I_aa8183cc6e3f
B_26e275968d3f,I_d69f2e2abd4b
B_26e275968d3f,I_d77b7600a6e5
B_26e275968d3f,I_efbd6b04aeb4
B_2734222bc13b,I_2a77674f6d82
B_2734222bc13b,I_38e69bad5283
B_2734222bc13b,I_7792ab8df4b1
B_2734222bc13b,I_f48aaeaf9707
B_2734222bc13b,I_fd5a422ae630
B_27d5a1ffa8af,I_dc7d8dfd3564
B_27d5a1ffa8af,I_f5cfa980d066
B_298000407aa9,I_025b808637f8
B_298000407aa9,I_6b297e7f69ff
B_298000407aa9,I_fd7f1ee4165f
B_29a073035d44,I_26f571e18605
B_29a073035d44,I_33c611a93421
B_29a073035d44,I_4dc3c5c29f1a
B_29a073035d44,I_4de3b8290078
B_29a073035d44,I_507ff9b3a95a
B_29a073035d44,I_6d2b5901294a
B_29a073035d44,I_7863f0d8b3aa
B_29a073035d44,I_7e5cc1f2e3c4
B_29a073035d44,I_8bfb0ebe3191
B_29a073035d44,I_9824aad8d483
B_29a073035d44,I_9d76073e3202
B_29a073035d44,I_a61f8a066711
B_29a073035d44,I_d005ae8ad7f6
B_29a073035d44,I_f0e792b4c19b
B_29a073035d44,I_f856d99edadb
B_29a073035d44,I_fb96896c0091
B_2a3830b613ab,I_6feb487b4d44
B_2a3830b613ab,I_c154b7570a07
B_2a3830b613ab,I_fe362afb6645
B_2c1d49e5b125,I_ae77853e1576
B_2c1d49e5b125,I_c25cb46800e3
B_2c1d49e5b125,I_e0ad8c0355dd
B_2d56c9f5be74,I_5b030c2b1227
B_2d56c9f5be74,I_67eabea943f3
B_2d56c9f5be74,I_9311669b99ac
B_2d56c9f5be74,I_a8de6a66642e
B_2d56c9f5be74,I_e956bc59b759
B_2d56c9f5be74,I_ec74d5d2398d
B_2e1f088bce92,I_6044dba5b605
B_2e1f088bce92,I_a02581fea174
B_2ed5719fdb97,I_9bc112363132
B_2ed5719fdb97,I_a02581fea174
B_2ee32ec55a07,I_1db428313bc8
B_2ee32ec55a07,I_1e56d95bdb1c
B_2ee32ec55a07,I_40a4c0fc62ad
B_2ee32ec55a07,I_488f8808aa7d
B_2ee32ec55a07,I_4c1da80e9a4e
B_2ee32ec55a07,I_7108a84b3aa1
B_2ee32ec55a07,I_7953f44fa05a
B_2ee32ec55a07,I_9e9e5bdf8369
B_2ee32ec55a07,I_fc012d76c716
B_2f3374312543,I_a235031c42c7
B_2f5b504047bc,I_daad90dd2f9a
B_2fda9b09293c,I_ac76d33ceefb
B_2fda9b09293c,I_e02a14332d34
B_319171b74897,I_3f437c4ac60c
B_319171b74897,I_d82645e0fe3d
B_31ceb02dd199,I_525181857060
B_31d9229eb74b,I_1f6aa4c46890
B_31d9229eb74b,I_2c5c135b4312
B_31d9229eb74b,I_a37fb3a2b921
B_31d9229eb74b,I_d07edd4a9b6b
B_31d9229eb74b,I_ebb9c9929bf9
B_31d9229eb74b,I_f5cfa980d066
B_32060ee542a3,I_9bc112363132
B_32060ee542a3,I_a02581fea174
B_322ba4fce4b5,I_0eff0b790d76
B_322ba4fce4b5,I_d07edd4a9b6b
B_322ba4fce4b5,I_e97cbe5b0a2d
B_322ba4fce4b5,I_f5cfa980d066
B_328f308d6a93,I_281a41e5739b
B_328f308d6a93,I_697c553a150e
B_328f308d6a93,I_905dc7e81078
B_328f308d6a93,I_c375401daa3d
B_328f308d6a93,I_dece03f0085e
B_328f308d6a93,I_fe91393ac4b9
B_32c1e5af57e3,I_0cdb4e463f01
B_32c1e5af57e3,I_9bc112363132
B_33ba28d038df,I_507ff9b3a95a
B_33ba28d038df,I_7863f0d8b3aa
B_33ba28d038df,I_ad381f2a160d
B_33ba28d038df,I_f856d99edadb
B_33ba28d038df,I_fb96896c0091
B_34034deb76cf,I_38e69bad5283
B_3404b8bad9fd,I_8e5817897dce
B_3406927e2243,I_38e69bad5283
B_3406927e2243,I_5359c21bffb0
B_3406927e2243,I_7792ab8df4b1
B_3406927e2243,I_d242086d707e
B_3406927e2243,I_fd5a422ae630
B_3441d0366f77,I_2bf087f8091d
B_3441d0366f77,I_d07edd4a9b6b
B_3441d0366f77,I_fa990e35e070
B_3458f0d9eade,I_b9db5faf00d0
B_3488eeb468da,I_41d342edb59e
B_3488eeb468da,I_80c846266562
B_3488eeb468da,I_d07edd4a9b6b
B_3663216e5a13,I_73658f8088fa
B_366f7aa612bf,I_11335cef8b7b
B_366f7aa612bf,I_44a22a06f17a
B_366f7aa612bf,I_49133eda1d06
B_366f7aa612bf,I_6a67ccd96bfa
B_366f7aa612bf,I_7b47e11b1ba0
B_366f7aa612bf,I_e12031875e39
B_36e3eb3fdacf,I_0cdb4e463f01
B_36e3eb3fdacf,I_3d20c4106e0c
B_36e3eb3fdacf,I_697c553a150e
B_36e3eb3fdacf,I_6c51cf4af621
B_36e3eb3fdacf,I_905dc7e81078
B_36e3eb3fdacf,I_ee56845f2924
B_36e3eb3fdacf,I_fe91393ac4b9
B_36e3eb3fdacf,I_ff96c1870f58
B_36fb7f9fca70,I_7ab576c900fc
B_377f141b65d9,I_6d363693e734
B_37c663eea8ed,I_1a9aa90a2bd8
B_37c663eea8ed,I_3dea57dbb8f9
B_37c663eea8ed,I_5c4eed467d28
B_37c663eea8ed,I_e2561d461e18
B_37c663eea8ed,I_f9bc4ae3b44f
B_383a1f8a56d7,I_28e89979379e
B_383a1f8a56d7,I_7b47e11b1ba0
B_383a1f8a56d7,I_f5964d304bc2
B_384790e70fb1,I_ce797289b6f2
B_3934d6b57dd7,I_0aa17d4c61e6
B_3934d6b57dd7,I_a9bb1ce663e4
B_3934d6b57dd7,I_ce21ac90ca80
B_3934d6b57dd7,I_e210972c5360
B_39399cd120ad,I_4034e26afd00
B_39c421315669,I_0b4cc16f6672
B_39c421315669,I_0cdb4e463f01
B_39c421315669,I_9bc112363132
B_39c421315669,I_a8cb5b01223b
B_3aeaf2c65bcd,I_6360c724ff5a
B_3b3eafe4f6ef,I_59dff23c2a76
B_3b3eafe4f6ef,I_861bd1edaff9
B_3cfbda96ae2d,I_060995d34a1d
B_3cfbda96ae2d,I_43da1073baa5
B_3cfbda96ae2d,I_4e016a9a0d78
B_3cfbda96ae2d,I_5446c6be4f43
B_3cfbda96ae2d,I_df12bf208adb
B_3cfbda96ae2d,I_fa0940f054bb
B_3e0f51e4740d,I_2eded48d79dd
B_3e0f51e4740d,I_81dbcad41269
B_3e144ccb70f3,I_4ce08f65e94f
B_3e144ccb70f3,I_d089e80c70df
B_3e144ccb70f3,I_ffa13ba6ac30
B_3fa9e8091830,I_0cdb4e463f01
B_3fa9e8091830,I_9bc112363132
B_3fa9e8091830,I_d38ee476a16d
B_3fdf66677e3c,I_2938f37d6ff8
B_4006a870e57f,I_c2a7a68d443d
B_409d4affe180,I_2e69679ec5da
B_41aa9dac20e6,I_11335cef8b7b
B_41aa9dac20e6,I_6a67ccd96bfa
B_41aa9dac20e6,I_7b47e11b1ba0
B_41aa9dac20e6,I_e0c15fc32d1e
B_41aa9dac20e6,I_ff8472c1176c
B_423df7a9d38b,I_0cdb4e463f01
B_423df7a9d38b,I_9bc112363132
B_423df7a9d38b,I_a02581fea174
B_447a3763289c,I_d07edd4a9b6b
B_44d0d021ebc6,I_697c553a150e
B_44d0d021ebc6,I_9bc112363132
B_44d0d021ebc6,I_a2a31647269b
B_44d0d021ebc6,I_d33bbc669919
B_44d0d021ebc6,I_f5cfa980d066
B_44d0d021ebc6,I_fe91393ac4b9
B_456ef9eed0f5,I_f7d15f149dcf
B_45ddd89564cc,I_0cdb4e463f01
B_45ddd89564cc,I_26a2e0e86068
B_45ddd89564cc,I_379e6bc5b612
B_45ddd89564cc,I_649191688e18
B_45ddd89564cc,I_806d5b5673d6
B_45ddd89564cc,I_9bc112363132
B_45ddd89564cc,I_d49a12ba2bc3
B_45ddd89564cc,I_f8e9368be764
B_466f8245f30b,I_85c6b488ff72
B_466f8245f30b,I_b3f65869bb2b
B_466f8245f30b,I_ec648f409bb3
B_47577a42ee56,I_2291997b87a0
B_47577a42ee56,I_ca039b588498
B_47577a42ee56,I_d07edd4a9b6b
B_47577a42ee56,I_ed5295ece727
B_47577a42ee56,I_f5cfa980d066
B_487b1c0c41fa,I_19cf15dbb83f
B_487b1c0c41fa,I_30bec486edb5
B_487b1c0c41fa,I_3fb63be09505
B_487b1c0c41fa,I_67347e4443a1
B_487b1c0c41fa,I_7a94acfbed07
B_487b1c0c41fa,I_baa9d46f32bc
B_487b1c0c41fa,I_d07edd4a9b6b
B_487b1c0c41fa,I_eac04fc4b4f7
B_487b1c0c41fa,I_f1d6623edc6e
B_487b1c0c41fa,I_f5fe88cd876f
B_487b1c0c41fa,I_ff976c4b8e60
B_492ad0f474f0,I_0cdb4e463f01
B_492ad0f474f0,I_9bc112363132
B_492ad0f474f0,I_a02581fea174
B_494ef058ddad,I_60dd0a1a2d96
B_494ef058ddad,I_697c553a150e
B_494ef058ddad,I_8a6e4f888d50
B_49b46e6c0875,I_73cf87f663ec
B_49b46e6c0875,I_7b29c0cdd611
B_49b46e6c0875,I_861bd1edaff9
B_49b46e6c0875,I_e01a1113a413
B_4aa886755205,I_1e56d95bdb1c
B_4aa886755205,I_40a4c0fc62ad
B_4aa886755205,I_fc012d76c716
B_4ae7482b754f,I_11335cef8b7b
B_4ae7482b754f,I_49133eda1d06
B_4ae7482b754f,I_6a67ccd96bfa
B_4ae7482b754f,I_6bc1bbb15f43
B_4ae7482b754f,I_7b47e11b1ba0
B_4b064fa92d23,I_11335cef8b7b
B_4b064fa92d23,I_49133eda1d06
B_4b064fa92d23,I_4f74ed0c20cd
B_4b729b800473,I_11335cef8b7b
B_4b729b800473,I_49133eda1d06
B_4b729b800473,I_6a67ccd96bfa
B_4b729b800473,I_7b47e11b1ba0
B_4b729b800473,I_e12031875e39
B_4b901c3858fd,I_6360c724ff5a
B_4b901c3858fd,I_9b974bca5bbe
B_4b901c3858fd,I_b6be4da0e5f5
B_4d63d7211340,I_11335cef8b7b
B_4d63d7211340,I_11da3ca394cf
B_4d63d7211340,I_178cfee36a7f
B_4d63d7211340,I_4ce08f65e94f
B_4d63d7211340,I_6a67ccd96bfa
B_4d63d7211340,I_704de07ccd74
B_4d63d7211340,I_7b47e11b1ba0
B_4d63d7211340,I_9283955efaf7
B_4d63d7211340,I_b79aa7c22b40
B_4d63d7211340,I_ead05e1bab39
B_4d63d7211340,I_ffa13ba6ac30
B_4da3272551c0,I_38e69bad5283
B_4e8fb270a487,I_17aaf2ebbcc8
B_4e8fb270a487,I_1fef58626993
B_4e8fb270a487,I_a1d3cd975c20
B_4ef968d11115,I_4ce08f65e94f
B_4ef968d11115,I_87c39a54eb56
B_4ef968d11115,I_ffa13ba6ac30
B_4fc4349b267f,I_0cdb4e463f01
B_4fc4349b267f,I_9bc112363132
B_50bd146d0b21,I_20e49fd3beda
B_50bd146d0b21,I_47d8d6c5ea6a
B_50bd146d0b21,I_bc363a444693
B_510fcac1908f,I_554054f6e473
B_51af75bfc3ed,I_31262d23bcab
B_51af75bfc3ed,I_697c553a150e
B_51af75bfc3ed,I_cc956ec7d761
B_52257128f288,I_4f98457b567a
B_52257128f288,I_5c4eed467d28
B_52257128f288,I_c51bfc36a189
B_53505515a068,I_0cdb4e463f01
B_53505515a068,I_9bc112363132
B_53505515a068,I_ebb9c9929bf9
B_53a06440516d,I_79ce07884039
B_53a06440516d,I_fb96896c0091
B_53a6fdb38a64,I_2a77674f6d82
B_53a6fdb38a64,I_38e69bad5283
B_53a6fdb38a64,I_7792ab8df4b1
B_53a6fdb38a64,I_fd5a422ae630
B_55254f51b387,I_05416b56c14d
B_55254f51b387,I_4494e19a8f78
B_55254f51b387,I_5d8a1c178078
B_55254f51b387,I_6044dba5b605
B_55254f51b387,I_a02581fea174
B_55254f51b387,I_a20f7e68a47e
B_55fbfa419357,I_11335cef8b7b
B_55fbfa419357,I_33c611a93421
B_55fbfa419357,I_507ff9b3a95a
B_55fbfa419357,I_6a67ccd96bfa
B_55fbfa419357,I_7863f0d8b3aa
B_55fbfa419357,I_7b47e11b1ba0
B_55fbfa419357,I_d86322b9202b
B_55fbfa419357,I_f856d99edadb
B_55fbfa419357,I_fb96896c0091
B_5808163b326e,I_0a19778a47ee
B_5808163b326e,I_21568675ae78
B_5808163b326e,I_2a77674f6d82
B_5808163b326e,I_38e69bad5283
B_5808163b326e,I_39c67b0b3f12
B_5808163b326e,I_af72feac5a55
B_5808163b326e,I_c6dd78c12a6d
B_5808163b326e,I_cb02b3d4c9f1
B_5808163b326e,I_f6653b71f68c
B_596e1f5ac8c7,I_94ae59918aec
B_596e1f5ac8c7,I_caed7842e6fe
B_596e1f5ac8c7,I_d5b323324b97
B_596e1f5ac8c7,I_e67b11616868
B_596e1f5ac8c7,I_ec648f409bb3
B_59d8a012e2ea,I_ef9367e562f8
B_59d9607d9370,I_419c62b147ff
B_5aa678609cfa,I_27b22260197d
B_5aa678609cfa,I_55166bdbcbbd
B_5aa678609cfa,I_ea3187f93252
B_5ab87ebf98db,I_6d83e152bb69
B_5ab87ebf98db,I_7c4c5858c26f
B_5ab87ebf98db,I_a5c8b4f3a998
B_5ab87ebf98db,I_ce7a4b63fb4f
B_5b3a53dc2d87,I_098068014a51
B_5b3a53dc2d87,I_38e69bad5283
B_5b3a53dc2d87,I_3fc75879ec38
B_5b3a53dc2d87,I_404ae149ff7a
B_5b3a53dc2d87,I_77b042c718b6
B_5b3a53dc2d87,I_78aa185e518e
B_5b3a53dc2d87,I_aec893165a22
B_5b3a53dc2d87,I_baa9d46f32bc
B_5b3a53dc2d87,I_ee18ed40c576
B_5b3a53dc2d87,I_efdb1dc7f31e
B_5b3a53dc2d87,I_f5fe88cd876f
B_5cc65aef1307,I_0cdb4e463f01
B_5cc65aef1307,I_9bc112363132
B_5cc65aef1307,I_a02581fea174
B_5d9090bdf5d3,I_15b92c4a32f1
B_5d9090bdf5d3,I_5ddd958da34f
B_5d9090bdf5d3,I_9b0b223ce5fd
B_5d9090bdf5d3,I_9c64fb24be27
B_5d9090bdf5d3,I_ec648f409bb3
B_5e166865a0d1,I_084e2198c19d
B_5e166865a0d1,I_2a77674f6d82
B_5e166865a0d1,I_38e69bad5283
B_5e166865a0d1,I_525181857060
B_5e166865a0d1,I_698b7d864777
B_5e166865a0d1,I_7792ab8df4b1
B_5e166865a0d1,I_a63648633551
B_5e166865a0d1,I_ac6e3ad08dde
B_5e166865a0d1,I_b34925285e1a
B_5e166865a0d1,I_c1339a1417ad
B_5e166865a0d1,I_fd5a422ae630
B_5ee4f1092858,I_2a77674f6d82
B_5ee4f1092858,I_38e69bad5283
B_5f76af5380c8,I_0cdb4e463f01
B_5f76af5380c8,I_27834c7361b5
B_5f76af5380c8,I_9bc112363132
B_5f9659ad1e51,I_2a77674f6d82
B_5f9659ad1e51,I_2af7db82215d
B_5f9659ad1e51,I_38e69bad5283
B_5f9659ad1e51,I_7792ab8df4b1
B_5f9659ad1e51,I_fd5a422ae630
B_60237370f601,I_0fd3aaa615a7
B_60237370f601,I_4ce08f65e94f
B_60237370f601,I_ffa13ba6ac30
B_602ea5e3fe74,I_697c553a150e
B_602ea5e3fe74,I_905dc7e81078
B_602ea5e3fe74,I_c52f22c2d000
B_602ea5e3fe74,I_d07edd4a9b6b
B_602ea5e3fe74,I_fe91393ac4b9
B_60dac6848366,I_199fc4357f32
B_60dac6848366,I_a06857ee923c
B_60dac6848366,I_b342d03123e9
B_60dac6848366,I_bcadde28db7a
B_60dac6848366,I_fa03f22494c5
B_63dbb77ccaa1,I_11335cef8b7b
B_63dbb77ccaa1,I_6a67ccd96bfa
B_63dbb77ccaa1,I_7b47e11b1ba0
B_64ba6a5e7768,I_ee435d346aee
B_64c8efc2359d,I_38e69bad5283
B_64c8efc2359d,I_6294d65997f9
B_64c8efc2359d,I_856c31abb42e
B_64c8efc2359d,I_d496bea391ca
B_64c8efc2359d,I_fd5a422ae630
B_65757275850d,I_199fc4357f32
B_65757275850d,I_83c663a0155a
B_65c8649258bb,I_9bc112363132
B_65c8649258bb,I_d07edd4a9b6b
B_66066cf2e944,I_3956ca69d881
B_6968c409b4f3,I_0eff0b790d76
B_6968c409b4f3,I_d07edd4a9b6b
B_6968c409b4f3,I_e97cbe5b0a2d
B_6968c409b4f3,I_f5cfa980d066
B_696993324b21,I_4ce08f65e94f
B_696993324b21,I_f469ad7bf784
B_696993324b21,I_ffa13ba6ac30
B_698c826c4252,I_b0fef64f58d5
B_69beda577294,I_11335cef8b7b
B_69beda577294,I_49133eda1d06
B_69beda577294,I_5485ec6fa9ac
B_69beda577294,I_6a67ccd96bfa
B_69beda577294,I_774ad09b5793
B_69beda577294,I_7b47e11b1ba0
B_69beda577294,I_e12031875e39
B_69beda577294,I_f3bfef561833
B_6a3cac402aed,I_0a8fb6b80c6b
B_6a3cac402aed,I_43852b7e86cd
B_6a3cac402aed,I_61568381b8ea
B_6a3cac402aed,I_6324ae9aa8d7
B_6a3cac402aed,I_f3657a86a335
B_6b93638e53cc,I_212929f8a731
B_6b93638e53cc,I_4ce08f65e94f
B_6b93638e53cc,I_5fcdd60b2d90
B_6b93638e53cc,I_cc498dc4c4a7
B_6b93638e53cc,I_ecfa7985e4c8
B_6b93638e53cc,I_ffa13ba6ac30
B_6bc93f4aca3b,I_09c52c5779dd
B_6bc93f4aca3b,I_1a3b525706a0
B_6bc93f4aca3b,I_2a77674f6d82
B_6bc93f4aca3b,I_2af7db82215d
B_6bc93f4aca3b,I_38e69bad5283
B_6bc93f4aca3b,I_6f7afd57529f
B_6bc93f4aca3b,I_7792ab8df4b1
B_6bc93f4aca3b,I_7cb721d49d5f
B_6bc93f4aca3b,I_d07edd4a9b6b
B_6bc93f4aca3b,I_dece03f0085e
B_6bc93f4aca3b,I_fd5a422ae630
B_6be9326204b8,I_37359b94e2df
B_6be9326204b8,I_41d342edb59e
B_6be9326204b8,I_5057456c3de6
B_6be9326204b8,I_fd5a422ae630
B_6c6d3b10eeb2,I_17580e3c9603
B_6c6d3b10eeb2,I_5f3505efd552
B_6c6d3b10eeb2,I_86c882f32ced
B_6c6d3b10eeb2,I_9d6786a85c68
B_6c6d3b10eeb2,I_d3e8b8b3a6f1
B_6cb451c656cd,I_3fc20bbcee05
B_6cb451c656cd,I_a936c7564ad2
B_6d4e8b9efd77,I_0cdb4e463f01
B_6df2584bbad3,I_1e56d95bdb1c
B_6df2584bbad3,I_40a4c0fc62ad
B_6df2584bbad3,I_bab8b92ece88
B_6df2584bbad3,I_fc012d76c716
B_6e46614ac50f,I_09c52c5779dd
B_6e46614ac50f,I_1a91c1c397b5
B_6e46614ac50f,I_2a77674f6d82
B_6e46614ac50f,I_2af7db82215d
B_6e46614ac50f,I_38e69bad5283
B_6e46614ac50f,I_6db71980f585
B_6e46614ac50f,I_7792ab8df4b1
B_6e46614ac50f,I_914a58eeb61a
B_6e46614ac50f,I_dece03f0085e
B_6e46614ac50f,I_fd5a422ae630
B_6fe6b93fcfe5,I_2a77674f6d82
B_6fe6b93fcfe5,I_38e69bad5283
B_6fe6b93fcfe5,I_7792ab8df4b1
B_6fe6b93fcfe5,I_baa9d46f32bc
B_6fe6b93fcfe5,I_cb7eecb41429
B_6fe6b93fcfe5,I_f5fe88cd876f
B_6fe6b93fcfe5,I_fd5a422ae630
B_7132d86131a2,I_5485ec6fa9ac
B_7132d86131a2,I_774ad09b5793
B_7132d86131a2,I_af1a4f99f439
B_7132d86131a2,I_c49ddd13d7f2
B_7132d86131a2,I_e4babfc5b1cb
B_7132d86131a2,I_e7233c841337
B_71721db46034,I_49133eda1d06
B_71721db46034,I_7b47e11b1ba0
B_71721db46034,I_f1ccb9c70d57
B_71721db46034,I_ffd6d28bb80a
B_720c162c1321,I_2a77674f6d82
B_720c162c1321,I_38e69bad5283
B_720c162c1321,I_7792ab8df4b1
B_720c162c1321,I_fd5a422ae630
B_73a31f2f046f,I_84b99caf30f4
B_73a31f2f046f,I_bf80094f6817
B_73def7cfa1e6,I_11335cef8b7b
B_73def7cfa1e6,I_49133eda1d06
B_73def7cfa1e6,I_f0361ec1eb3e
B_7494698ef909,I_11335cef8b7b
B_7494698ef909,I_7ace689b4bea
B_7494698ef909,I_7b47e11b1ba0
B_7560d2541014,I_0c5643486496
B_7560d2541014,I_5e0385c997c9
B_7560d2541014,I_7a326dd1649e
B_7560d2541014,I_a10f8847b2ee
B_7560d2541014,I_a678c93e12b6
B_7560d2541014,I_ac257e178fdc
B_7560d2541014,I_b415d958c5f4
B_75fb7c9e6611,I_0cdb4e463f01
B_75fb7c9e6611,I_2316da674058
B_75fb7c9e6611,I_2ca4aab9fa29
B_75fb7c9e6611,I_525181857060
B_75fb7c9e6611,I_697c553a150e
B_75fb7c9e6611,I_6a5f5a8d27da
B_75fb7c9e6611,I_905dc7e81078
B_75fb7c9e6611,I_b0bc5fd9492d
B_75fb7c9e6611,I_e5773fce1c91
B_75fb7c9e6611,I_fe91393ac4b9
B_75fb7c9e6611,I_ff96c1870f58
B_76c7707e23c3,I_38e69bad5283
B_76c7707e23c3,I_58d04f07183c
B_76c7707e23c3,I_9382bed7d04a
B_76c7707e23c3,I_938d63fed132
B_76c7707e23c3,I_d07edd4a9b6b
B_76c7707e23c3,I_f5cfa980d066
B_76c7707e23c3,I_f8809b4468e6
B_76c7707e23c3,I_faa6e506543a
B_76c7707e23c3,I_fd5a422ae630
B_76f80b2d6561,I_1f6aa4c46890
B_76f80b2d6561,I_2c5c135b4312
B_76f80b2d6561,I_a37fb3a2b921
B_76f80b2d6561,I_ebb9c9929bf9
B_76f80b2d6561,I_f6653b71f68c
B_77303832bb19,I_01f2a9f26543
B_77303832bb19,I_38e69bad5283
B_77303832bb19,I_77b042c718b6
B_77303832bb19,I_aec893165a22
B_77303832bb19,I_d07edd4a9b6b
B_77303832bb19,I_db0d7df81eb8
B_77303832bb19,I_f5cfa980d066
B_778a1ec03b92,I_03be6b0cb5b5
B_778a1ec03b92,I_0798de3e96b5
B_792a2b9e8099,I_084f88485425
B_792a2b9e8099,I_c3e1077c6b25
B_792a2b9e8099,I_d07edd4a9b6b
B_792a2b9e8099,I_f5cfa980d066
B_79680401ca51,I_4ce08f65e94f
B_79680401ca51,I_85f9c4b241ec
B_79680401ca51,I_ffa13ba6ac30
B_79bdaa8bfb43,I_3f8bc27b46d9
B_79bdaa8bfb43,I_8341364fb2ce
B_7b82a11f72cf,I_45a3a2d512c1
B_7bc6766ac49b,I_312d34368aca
B_7bebe8a7b19d,I_9022ca8c93ff
B_7bf3e06966cc,I_11da3ca394cf
B_7bf3e06966cc,I_178cfee36a7f
B_7bf3e06966cc,I_704de07ccd74
B_7bf3e06966cc,I_b79aa7c22b40
B_7bf3e06966cc,I_e9f4f5754215
B_7c821af51915,I_03e447051408
B_7c821af51915,I_865ed44cb6c5
B_7c821af51915,I_8acd37c1d474
B_7e28f91feced,I_f5cfa980d066
B_7e9736657b31,I_27593d7df8bf
B_7e9736657b31,I_2a77674f6d82
B_7e9736657b31,I_2af7db82215d
B_7e9736657b31,I_38e69bad5283
B_7e9736657b31,I_49f2857ae195
B_7e9736657b31,I_7792ab8df4b1
B_7e9736657b31,I_fd5a422ae630
B_7ea148aa38d8,I_91db465adf38
B_7f36ed1f525d,I_1e56d95bdb1c
B_7f36ed1f525d,I_40a4c0fc62ad
B_7f36ed1f525d,I_f5cfa980d066
B_7f36ed1f525d,I_fc012d76c716
B_802036b292ce,I_3e58f0c998ef
B_802036b292ce,I_89bb6fe1749f
B_802036b292ce,I_90469430603c
B_802ca9d4856b,I_11335cef8b7b
B_802ca9d4856b,I_49133eda1d06
B_802ca9d4856b,I_776d476fa62a
B_802ca9d4856b,I_7b47e11b1ba0
B_805bb28a0080,I_0cdb4e463f01
B_805bb28a0080,I_f1d6623edc6e
B_8098e68515b8,I_1df15cc748a4
B_8098e68515b8,I_d07edd4a9b6b
B_80f5a2f66706,I_5c4eed467d28
B_80f5a2f66706,I_5e0b7f594338
B_80f5a2f66706,I_8d4402fd3be1
B_812b44120261,I_5f3505efd552
B_812b44120261,I_7841553eaff7
B_812b44120261,I_9d6786a85c68
B_812b44120261,I_f1153db2d9d4
B_816377331d86,I_02e8271f8df1
B_816377331d86,I_4574d1fa63e4
B_816377331d86,I_c874cae2a921
B_8265ac025fe2,I_38ae64b1f964
B_8265ac025fe2,I_98762e91759c
B_8265ac025fe2,I_c35220334ccc
B_82c88b6ed943,I_0cdb4e463f01
B_82c88b6ed943,I_0ce9949f7370
B_82c88b6ed943,I_0f953113647d
B_82c88b6ed943,I_159beaf5047d
B_82c88b6ed943,I_697c553a150e
B_82c88b6ed943,I_894a74865691
B_82c88b6ed943,I_9bc112363132
B_82c88b6ed943,I_fe91393ac4b9
B_82dfd3eb1aaa,I_11335cef8b7b
B_82dfd3eb1aaa,I_49133eda1d06
B_82dfd3eb1aaa,I_6360c724ff5a
B_82dfd3eb1aaa,I_6a67ccd96bfa
B_82dfd3eb1aaa,I_7b47e11b1ba0
B_82dfd3eb1aaa,I_cde786852c82
B_84138554efd0,I_0cdb4e463f01
B_84138554efd0,I_697c553a150e
B_84138554efd0,I_9bc112363132
B_84138554efd0,I_b2a7449a0f46
B_84138554efd0,I_ee18ed40c576
B_84138554efd0,I_fe91393ac4b9
B_843e3aa7db75,I_0cdb4e463f01
B_843e3aa7db75,I_61c4653622c6
B_843e3aa7db75,I_655684c1947c
B_843e3aa7db75,I_9bc112363132
B_843e3aa7db75,I_e3394920c78d
B_843e3aa7db75,I_f1d6623edc6e
B_843e3aa7db75,I_f8badd53b9fc
B_845d2a7ed39a,I_1a3b525706a0
B_845d2a7ed39a,I_1cdedbf70670
B_845d2a7ed39a,I_2a77674f6d82
B_845d2a7ed39a,I_38e69bad5283
B_845d2a7ed39a,I_7792ab8df4b1
B_845d2a7ed39a,I_77b042c718b6
B_845d2a7ed39a,I_aec893165a22
B_845d2a7ed39a,I_dc258ba7e637
B_845d2a7ed39a,I_dece03f0085e
B_845d2a7ed39a,I_fd5a422ae630
B_84d30326fb33,I_819e35dfad6e
B_84d30326fb33,I_cd43567bad23
B_8511f7018e13,I_6b2d2a18ca1c
B_8511f7018e13,I_94dcaab9ae0d
B_86ed7b998e5a,I_2a77674f6d82
B_86ed7b998e5a,I_31262d23bcab
B_86ed7b998e5a,I_38e69bad5283
B_86ed7b998e5a,I_538191efd436
B_86ed7b998e5a,I_cc956ec7d761
B_86ed7b998e5a,I_d07edd4a9b6b
B_86ed7b998e5a,I_fd5a422ae630
B_86f101b447df,I_dc5cf6bd348d
B_875d82ef9a19,I_11335cef8b7b
B_875d82ef9a19,I_33c611a93421
B_875d82ef9a19,I_49133eda1d06
B_875d82ef9a19,I_507ff9b3a95a
B_875d82ef9a19,I_6a67ccd96bfa
B_875d82ef9a19,I_7863f0d8b3aa
B_875d82ef9a19,I_7b47e11b1ba0
B_875d82ef9a19,I_f856d99edadb
B_875d82ef9a19,I_fb96896c0091
B_87d3b02fa058,I_2ffa68adf568
B_87d3b02fa058,I_dbe94ed8a715
B_8894d6fa54fd,I_0c5643486496
B_8894d6fa54fd,I_a10f8847b2ee
B_8894d6fa54fd,I_ac257e178fdc
B_8894d6fa54fd,I_b415d958c5f4
B_88a2d9628021,I_33c611a93421
B_88a2d9628021,I_4de3b8290078
B_88a2d9628021,I_507ff9b3a95a
B_88a2d9628021,I_7863f0d8b3aa
B_88a2d9628021,I_a4032fdab179
B_88a2d9628021,I_f856d99edadb
B_88a2d9628021,I_fb96896c0091
B_88d6d7ac5a18,I_baa9d46f32bc
B_88d6d7ac5a18,I_d07edd4a9b6b
B_88d6d7ac5a18,I_ebb9c9929bf9
B_88d6d7ac5a18,I_f5cfa980d066
B_88d6d7ac5a18,I_f6653b71f68c
B_88edaa5daa0a,I_a8e21076bfa0
B_88edaa5daa0a,I_e64fcc262000
B_897e6d5eec31,I_11da3ca394cf
B_897e6d5eec31,I_178cfee36a7f
B_897e6d5eec31,I_4bd14cf072fc
B_897e6d5eec31,I_4ce08f65e94f
B_897e6d5eec31,I_704de07ccd74
B_897e6d5eec31,I_8809148b4283
B_897e6d5eec31,I_b79aa7c22b40
B_897e6d5eec31,I_ffa13ba6ac30
B_89821448bc56,I_38e69bad5283
B_89821448bc56,I_d07edd4a9b6b
B_89821448bc56,I_edb6ea81170c
B_89821448bc56,I_f5cfa980d066
B_89f6e4bb2aea,I_0ea8d26eeee9
B_89f6e4bb2aea,I_2497ef932143
B_89f6e4bb2aea,I_525181857060
B_89f6e4bb2aea,I_533199fdf11e
B_89f6e4bb2aea,I_dd71f4d6f498
B_8aa34d18de68,I_8673d036bf84
B_8aa34d18de68,I_87672072cc25
B_8aa34d18de68,I_d484229f7d79
B_8aa34d18de68,I_e3b3af0a2fbd
B_8aa34d18de68,I_fbe43fd09e62
B_8c410cbfcb54,I_1db428313bc8
B_8c410cbfcb54,I_7953f44fa05a
B_8c410cbfcb54,I_d07edd4a9b6b
B_8c410cbfcb54,I_ebb9c9929bf9
B_8c410cbfcb54,I_f5cfa980d066
B_8e9167402dd5,I_11da3ca394cf
B_8e9167402dd5,I_178cfee36a7f
B_8e9167402dd5,I_18dd23de50eb
B_8e9167402dd5,I_5c694794a113
B_8e9167402dd5,I_704de07ccd74
B_8e9167402dd5,I_b79aa7c22b40
B_8e9167402dd5,I_cafa4811dcee
B_8ed62305e4eb,I_11335cef8b7b
B_8ed62305e4eb,I_6360c724ff5a
B_8ed62305e4eb,I_779022e87cef
B_8ed62305e4eb,I_7b47e11b1ba0
B_8fd7842dd63f,I_04aa38faefbf
B_8fd7842dd63f,I_0f6e70f76f22
B_8fd7842dd63f,I_36751e1d399a
B_8fd7842dd63f,I_3d54cc87e76c
B_8fd7842dd63f,I_489dacaf46d3
B_8fd7842dd63f,I_548572b2ca12
B_8fd7842dd63f,I_697c553a150e
B_8fd7842dd63f,I_7cb721d49d5f
B_8fd7842dd63f,I_8ff824da58d9
B_8fd7842dd63f,I_905dc7e81078
B_8fd7842dd63f,I_9a3d098fea8b
B_8fd7842dd63f,I_9ece654ac0c7
B_8fd7842dd63f,I_ab9c7a8de46a
B_8fd7842dd63f,I_abcd08dd0784
B_8fd7842dd63f,I_c04fdbeff32c
B_8fd7842dd63f,I_fe91393ac4b9
B_9004a0a2ae4b,I_3fccb258218f
B_9004a0a2ae4b,I_58d9f85f8262
B_9004a0a2ae4b,I_bc68353700a0
B_9004a0a2ae4b,I_be7cbde103d7
B_905ae4740138,I_eb2c73b6df1f
B_905ae4740138,I_f5cfa980d066
B_912ef12356f0,I_41153c333e86
B_912ef12356f0,I_7f5ef96f35ed
B_919bb4d671fd,I_da651bebc5f1
B_9261819ef9dc,I_1c7c158e95cc
B_9261819ef9dc,I_220d718593c6
B_9261819ef9dc,I_e7da15fdfe71
B_932dafb9a94d,I_0c5643486496
B_932dafb9a94d,I_41f29b574dbb
B_932dafb9a94d,I_a10f8847b2ee
B_932dafb9a94d,I_a678c93e12b6
B_932dafb9a94d,I_ac257e178fdc
B_932dafb9a94d,I_b415d958c5f4
B_953fd9a85723,I_4034e26afd00
B_96ac7e1fd74b,I_9bc112363132
B_96ac7e1fd74b,I_d33bbc669919
B_96ebb548aa3c,I_5612621db5f9
B_96ebb548aa3c,I_76896b4ea8ef
B_96ebb548aa3c,I_a30a001ab7d7
B_96ebb548aa3c,I_c3676493f4af
B_96ebb548aa3c,I_d9261861692f
B_96ebb548aa3c,I_ebb9c9929bf9
B_989559a1e42e,I_11da3ca394cf
B_989559a1e42e,I_178cfee36a7f
B_989559a1e42e,I_5485ec6fa9ac
B_989559a1e42e,I_704de07ccd74
B_989559a1e42e,I_774ad09b5793
B_989559a1e42e,I_b79aa7c22b40
B_989559a1e42e,I_f3bfef561833
B_98b1335f371e,I_38e69bad5283
B_98b1335f371e,I_525181857060
B_98b1335f371e,I_697c553a150e
B_98b1335f371e,I_905dc7e81078
B_98b1335f371e,I_a63648633551
B_98b1335f371e,I_f9b247631546
B_98b1335f371e,I_fe91393ac4b9
B_990a23951b63,I_19cf15dbb83f
B_990a23951b63,I_9bc112363132
B_990a23951b63,I_a98eeef5ba74
B_990a23951b63,I_af1d80c3f3e4
B_990a23951b63,I_baa9d46f32bc
B_990a23951b63,I_d07edd4a9b6b
B_990a23951b63,I_eb2c73b6df1f
B_990a23951b63,I_f5cfa980d066
B_997bd95bab75,I_2a77674f6d82
B_997bd95bab75,I_2af7db82215d
B_997bd95bab75,I_38e69bad5283
B_997bd95bab75,I_522be858b967
B_997bd95bab75,I_7792ab8df4b1
B_997bd95bab75,I_d07edd4a9b6b
B_997bd95bab75,I_dece03f0085e
B_997bd95bab75,I_fd5a422ae630
B_99dad98e2bd8,I_2a77674f6d82
B_99dad98e2bd8,I_2f9b064f9735
B_99dad98e2bd8,I_38e69bad5283
B_99dad98e2bd8,I_d07edd4a9b6b
B_99dad98e2bd8,I_dece03f0085e
B_99dad98e2bd8,I_fd5a422ae630
B_9a7daef15d31,I_33c611a93421
B_9a7daef15d31,I_4de3b8290078
B_9a7daef15d31,I_507ff9b3a95a
B_9a7daef15d31,I_7863f0d8b3aa
B_9a7daef15d31,I_7f2409fab04c
B_9a7daef15d31,I_f856d99edadb
B_9a7daef15d31,I_fb96896c0091
B_9aa0234e581a,I_0cdb4e463f01
B_9aa0234e581a,I_23fb57951e48
B_9aa0234e581a,I_9bc112363132
B_9adffde8af27,I_440b7b7ba5da
B_9ba7744a3461,I_05e4a02e1309
B_9ba7744a3461,I_12b9f5403167
B_9ba7744a3461,I_33c611a93421
B_9ba7744a3461,I_916cd27a31cd
B_9ba7744a3461,I_9d76073e3202
B_9d10a9328a59,I_2adaecd49b73
B_9d10a9328a59,I_5db2030ffa33
B_9d10a9328a59,I_62a8121c5aa7
B_9d8d6d87b3f9,I_7e6716b85388
B_9d8d6d87b3f9,I_f4f9d7cda5b1
B_9d990e2966d5,I_96075fd8a686
B_9dd1e5a44fc9,I_2b81812b23d5
B_9dd1e5a44fc9,I_38e69bad5283
B_9dd1e5a44fc9,I_45ae51f9ab44
B_9dd1e5a44fc9,I_96dce7dcb259
B_9dd1e5a44fc9,I_fd5a422ae630
B_9dffe6d0016f,I_182bbdb69c51
B_9dffe6d0016f,I_31262d23bcab
B_9dffe6d0016f,I_38e69bad5283
B_9dffe6d0016f,I_cc956ec7d761
B_9dffe6d0016f,I_d07edd4a9b6b
B_9dffe6d0016f,I_f6653b71f68c
B_9dffe6d0016f,I_f75da72c7ddc
B_a035ed41ff73,I_19cf15dbb83f
B_a035ed41ff73,I_38e69bad5283
B_a035ed41ff73,I_3b153a6a0889
B_a035ed41ff73,I_404ae149ff7a
B_a035ed41ff73,I_60cde00d5c3e
B_a035ed41ff73,I_77b042c718b6
B_a035ed41ff73,I_7d3673757685
B_a035ed41ff73,I_baa9d46f32bc
B_a035ed41ff73,I_f5fe88cd876f
B_a035ed41ff73,I_ff976c4b8e60
B_a191319863ea,I_5f71e3ad198d
B_a191319863ea,I_a9a69ec3454f
B_a2eb2a490661,I_a8d8fe4a23c5
B_a31ad5a48480,I_dad4e0c5fffd
B_a3ac65d98fd7,I_11335cef8b7b
B_a3ac65d98fd7,I_6a67ccd96bfa
B_a3ac65d98fd7,I_7b47e11b1ba0
B_a3ac65d98fd7,I_b4b537f548ea
B_a406f9a2f48b,I_46412c1e6da4
B_a406f9a2f48b,I_5ecd7922a113
B_a406f9a2f48b,I_7841553eaff7
B_a406f9a2f48b,I_85c6b488ff72
B_a406f9a2f48b,I_db0a191a9f3e
B_a4129bcc5ebb,I_6044dba5b605
B_a4129bcc5ebb,I_801bcc4efcdd
B_a462a860e0d3,I_48544101f128
B_a462a860e0d3,I_979dcf9a094b
B_a613451c159d,I_b275f37896ec
B_a671e0327bfd,I_29801c42d8ea
B_a769b220a944,I_11335cef8b7b
B_a769b220a944,I_2a0ed0507610
B_a769b220a944,I_49133eda1d06
B_a769b220a944,I_6680f456133f
B_a769b220a944,I_6a67ccd96bfa
B_a769b220a944,I_7b47e11b1ba0
B_a769b220a944,I_961213bed796
B_a769b220a944,I_a302897ef7b5
B_a769b220a944,I_c933c74a8bed
B_a769b220a944,I_e12031875e39
B_a804dd9a30b2,I_19005e3594d2
B_a804dd9a30b2,I_1a4bd9af08e7
B_a804dd9a30b2,I_c948ae6a94f0
B_a804dd9a30b2,I_fd5a422ae630
B_a8d4a36f9009,I_1e56d95bdb1c
B_a8d4a36f9009,I_40a4c0fc62ad
B_a8d4a36f9009,I_d07edd4a9b6b
B_a8d4a36f9009,I_edb6ea81170c
B_a8d4a36f9009,I_f5cfa980d066
B_ab9b510d0313,I_130ae54e77d6
B_ab9b510d0313,I_3f9242625848
B_ab9b510d0313,I_62a8121c5aa7
B_ab9b510d0313,I_af0650f38fcf
B_abdc6ffabbaa,I_49f2857ae195
B_abdc6ffabbaa,I_4ec915e4be39
B_abdc6ffabbaa,I_52966a772306
B_abdc6ffabbaa,I_a810c88b5e2b
B_abdc6ffabbaa,I_c3d4f143bcc3
B_abdc6ffabbaa,I_d07edd4a9b6b
B_abdc6ffabbaa,I_f6653b71f68c
B_ac53d8b28f1e,I_3ae7d70917e9
B_ac53d8b28f1e,I_3e31e9fafeee
B_ac53d8b28f1e,I_485fd7db9ed5
B_ac53d8b28f1e,I_7fd45d840e0b
B_ac53d8b28f1e,I_88892d8fba92
B_aca722d66a95,I_5485ec6fa9ac
B_aca722d66a95,I_706a74a5b1a1
B_aca722d66a95,I_774ad09b5793
B_ad3227c0833c,I_1a1178fdf6d8
B_ad3227c0833c,I_32edbea104ee
B_ad3227c0833c,I_5b0f216884f8
B_ad3227c0833c,I_818f7347e352
B_ad3227c0833c,I_827ba670ec2d
B_ad3227c0833c,I_b5c994423b8b
B_ad3227c0833c,I_ccbb02dd556f
B_ad3227c0833c,I_e0b9511b946d
B_ad3227c0833c,I_f85f322b996e
B_ad5205e02b04,I_2842c85b2bed
B_ad5205e02b04,I_38e69bad5283
B_ad5205e02b04,I_40c8606ec21f
B_ad5205e02b04,I_5d39cadc950f
B_ad5205e02b04,I_8e5a82af19a0
B_ad5205e02b04,I_93ef357ba9ac
B_ad5205e02b04,I_aec893165a22
B_ad5205e02b04,I_af72feac5a55
B_ad5205e02b04,I_baa9d46f32bc
B_ad5205e02b04,I_f6653b71f68c
B_ad7004ddb645,I_c70b26580743
B_ad7004ddb645,I_f0a7a9213811
B_ad850d9aa3bf,I_67764f151f86
B_ad850d9aa3bf,I_8f8d3f9aaf1c
B_ad850d9aa3bf,I_ecc305c0980c
B_ae0d4f5e983a,I_1e56d95bdb1c
B_ae0d4f5e983a,I_40a4c0fc62ad
B_ae0d4f5e983a,I_491a4370096f
B_ae0d4f5e983a,I_fc012d76c716
B_aeb1c3793cfd,I_271027678a90
B_aeb1c3793cfd,I_2a77674f6d82
B_aeb1c3793cfd,I_2af7db82215d
B_aeb1c3793cfd,I_38e69bad5283
B_aeb1c3793cfd,I_7792ab8df4b1
B_aeb1c3793cfd,I_f6653b71f68c
B_aeb1c3793cfd,I_fd5a422ae630
B_aede825a153c,I_0c5643486496
B_aede825a153c,I_0f98c3971182
B_aede825a153c,I_7a326dd1649e
B_aede825a153c,I_b530518746ab
B_af68a424c04e,I_26f571e18605
B_af68a424c04e,I_33c611a93421
B_af68a424c04e,I_4de3b8290078
B_af68a424c04e,I_507ff9b3a95a
B_af68a424c04e,I_7863f0d8b3aa
B_af68a424c04e,I_7e5cc1f2e3c4
B_af68a424c04e,I_8bfb0ebe3191
B_af68a424c04e,I_9d76073e3202
B_af68a424c04e,I_aa1d75a08f5f
B_af68a424c04e,I_bed5ef3b2ae5
B_af68a424c04e,I_d005ae8ad7f6
B_af68a424c04e,I_ee6e46de12e3
B_af68a424c04e,I_f0e792b4c19b
B_af68a424c04e,I_f856d99edadb
B_af68a424c04e,I_fb96896c0091
B_afabcdce9b73,I_1e56d95bdb1c
B_afabcdce9b73,I_40a4c0fc62ad
B_afabcdce9b73,I_491a4370096f
B_afabcdce9b73,I_d07edd4a9b6b
B_afabcdce9b73,I_eb2c73b6df1f
B_afabcdce9b73,I_f5cfa980d066
B_afabcdce9b73,I_fc012d76c716
B_b0659936d59a,I_15d61d6f0058
B_b0659936d59a,I_840ec8af1b6d
B_b0659936d59a,I_ee8650fcc402
B_b26151d24c08,I_1f6aa4c46890
B_b26151d24c08,I_542a5c5407bb
B_b26151d24c08,I_a37fb3a2b921
B_b26151d24c08,I_ebb9c9929bf9
B_b26151d24c08,I_f1d6623edc6e
B_b2ee413d8e79,I_1e56d95bdb1c
B_b2ee413d8e79,I_40a4c0fc62ad
B_b2ee413d8e79,I_a98eeef5ba74
B_b2ee413d8e79,I_baa9d46f32bc
B_b2ee413d8e79,I_cd752ffec31c
B_b2ee413d8e79,I_d07edd4a9b6b
B_b2ee413d8e79,I_d40cd27941bf
B_b2ee413d8e79,I_eb2c73b6df1f
B_b2ee413d8e79,I_f5cfa980d066
B_b2ee413d8e79,I_f6653b71f68c
B_b320e5ab7a31,I_33c611a93421
B_b320e5ab7a31,I_507ff9b3a95a
B_b320e5ab7a31,I_5c7128342098
B_b320e5ab7a31,I_6d74b75b26f8
B_b320e5ab7a31,I_7863f0d8b3aa
B_b320e5ab7a31,I_9d76073e3202
B_b320e5ab7a31,I_a61f8a066711
B_b320e5ab7a31,I_aa74e6a57484
B_b320e5ab7a31,I_c852d1607f25
B_b320e5ab7a31,I_f856d99edadb
B_b320e5ab7a31,I_fb96896c0091
B_b3cfd9f51cae,I_1a1178fdf6d8
B_b3cfd9f51cae,I_5046fc3b0453
B_b3cfd9f51cae,I_818f7347e352
B_b3cfd9f51cae,I_827ba670ec2d
B_b3cfd9f51cae,I_b5c994423b8b
B_b3cfd9f51cae,I_ccbb02dd556f
B_b3f960ae80a8,I_06e484eab297
B_b3f960ae80a8,I_1cccf34603f2
B_b3f960ae80a8,I_67870836e4c0
B_b42380e45bd0,I_b611eda8844c
B_b5062797cfb8,I_33c611a93421
B_b5062797cfb8,I_507ff9b3a95a
B_b5062797cfb8,I_7863f0d8b3aa
B_b5062797cfb8,I_9824aad8d483
B_b5062797cfb8,I_9d76073e3202
B_b5062797cfb8,I_aa74e6a57484
B_b5062797cfb8,I_f856d99edadb
B_b5062797cfb8,I_fb96896c0091
B_b541162e19d1,I_09c52c5779dd
B_b541162e19d1,I_2a77674f6d82
B_b541162e19d1,I_2af7db82215d
B_b541162e19d1,I_344defb7eb8c
B_b541162e19d1,I_38e69bad5283
B_b541162e19d1,I_7792ab8df4b1
B_b541162e19d1,I_baa9d46f32bc
B_b541162e19d1,I_d07edd4a9b6b
B_b541162e19d1,I_d242086d707e
B_b541162e19d1,I_dece03f0085e
B_b541162e19d1,I_f5fe88cd876f
B_b541162e19d1,I_f6653b71f68c
B_b541162e19d1,I_fd5a422ae630
B_b69ece83ca9c,I_d43c836a522a
B_b70a11488204,I_d8568347ad01
B_b8684d37a5c9,I_2a77674f6d82
B_b8684d37a5c9,I_38e69bad5283
B_b8684d37a5c9,I_3f1836ce39b4
B_b8684d37a5c9,I_88a74b627945
B_b8684d37a5c9,I_f1d6623edc6e
B_b8684d37a5c9,I_fd5a422ae630
B_b94233ca6ed9,I_bced1aebb63e
B_b94233ca6ed9,I_ffa13ba6ac30
B_b97369b349e8,I_394686c6f0fe
B_b9e1396d8775,I_576845a39c02
B_ba8c1c6732e8,I_46c63dc8751c
B_ba9721fc08bd,I_11335cef8b7b
B_ba9721fc08bd,I_4ce08f65e94f
B_ba9721fc08bd,I_68bbffa76e41
B_ba9721fc08bd,I_6a67ccd96bfa
B_ba9721fc08bd,I_7b47e11b1ba0
B_ba9721fc08bd,I_9ef16f5afbdd
B_ba9721fc08bd,I_ffa13ba6ac30
B_bb122e702603,I_0cb319019e4f
B_bb122e702603,I_525181857060
B_bb122e702603,I_66feea291523
B_bb122e702603,I_a63648633551
B_bb122e702603,I_b152ca8b472b
B_bb79b56d996e,I_97aa6cd36970
B_bbb47e676776,I_122c005abd71
B_bbb47e676776,I_2a77674f6d82
B_bbb47e676776,I_38e69bad5283
B_bbb47e676776,I_5de8f72bcf55
B_bbb47e676776,I_6b264e273b9b
B_bbb47e676776,I_7792ab8df4b1
B_bbb47e676776,I_baa9d46f32bc
B_bbb47e676776,I_d07edd4a9b6b
B_bbb47e676776,I_dece03f0085e
B_bbb47e676776,I_f5fe88cd876f
B_bbb47e676776,I_fd5a422ae630
B_bbc1ec84edcc,I_0cdb4e463f01
B_bbc1ec84edcc,I_302e13dcfa21
B_bbc1ec84edcc,I_3374343b6b3f
B_bbc1ec84edcc,I_5612621db5f9
B_bbc1ec84edcc,I_9bc112363132
B_bbc1ec84edcc,I_c3676493f4af
B_bbc1ec84edcc,I_e4e060d282c9
B_bbc44c57040e,I_1f6aa4c46890
B_bbc44c57040e,I_a37fb3a2b921
B_bbc44c57040e,I_d07edd4a9b6b
B_bbc44c57040e,I_ebb9c9929bf9
B_bbc44c57040e,I_f5cfa980d066
B_bcebbcb74e1e,I_4034e26afd00
B_bcebbcb74e1e,I_566760312d60
B_bcebbcb74e1e,I_a39caae4c749
B_bcebbcb74e1e,I_be9eaac10ae0
B_bcebbcb74e1e,I_c00fe2a821b4
B_bcef0638a130,I_09c52c5779dd
B_bcef0638a130,I_2a77674f6d82
B_bcef0638a130,I_2af7db82215d
B_bcef0638a130,I_38e69bad5283
B_bcef0638a130,I_41d342edb59e
B_bcef0638a130,I_a5cee3c0d43c
B_bcef0638a130,I_c4984aedcb42
B_bcef0638a130,I_d07edd4a9b6b
B_bcef0638a130,I_dece03f0085e
B_bcef0638a130,I_fd5a422ae630
B_bd1b7c5a8dc1,I_11335cef8b7b
B_bd1b7c5a8dc1,I_3e3c6d5eee78
B_bd1b7c5a8dc1,I_4ce08f65e94f
B_bd1b7c5a8dc1,I_6a67ccd96bfa
B_bd1b7c5a8dc1,I_7b47e11b1ba0
B_bd1b7c5a8dc1,I_be77c0308927
B_bd1b7c5a8dc1,I_f73ceb4f0b69
B_bd1b7c5a8dc1,I_ffa13ba6ac30
B_be7bc7223983,I_006475ef5035
B_be7bc7223983,I_507ff9b3a95a
B_be7bc7223983,I_7863f0d8b3aa
B_be7bc7223983,I_fb96896c0091
B_bea1ccea3d52,I_875361350f04
B_bea1ccea3d52,I_d6e0974c0039
B_bed212c54920,I_6683c1ea8af9
B_bed212c54920,I_96b3207c682e
B_bf05a891662b,I_0f727c823add
B_bf05a891662b,I_17015be2419e
B_bf05a891662b,I_26f571e18605
B_bf05a891662b,I_2a95613cc75f
B_bf05a891662b,I_33c611a93421
B_bf05a891662b,I_4de3b8290078
B_bf05a891662b,I_507ff9b3a95a
B_bf05a891662b,I_7863f0d8b3aa
B_bf05a891662b,I_977ad4ceec3f
B_bf05a891662b,I_9d76073e3202
B_bf05a891662b,I_aa74e6a57484
B_bf05a891662b,I_bed5ef3b2ae5
B_bf05a891662b,I_ee6e46de12e3
B_bf05a891662b,I_f856d99edadb
B_bf05a891662b,I_fb96896c0091
B_bf71b51a6969,I_b708377acdee
B_bff7d6008d0a,I_6459d66a7538
B_c0c6d7064890,I_38e69bad5283
B_c0c6d7064890,I_d2fd83c33bbb
B_c0c6d7064890,I_fd5a422ae630
B_c19852bb8bd5,I_0891fde2971b
B_c214dab452fb,I_19f61d906cd1
B_c214dab452fb,I_4034e26afd00
B_c214dab452fb,I_5f3505efd552
B_c214dab452fb,I_9d6786a85c68
B_c214dab452fb,I_d3e8b8b3a6f1
B_c30aefd7d82e,I_8d561a84f941
B_c52b9b960fd1,I_eb5322da5bb2
B_c6a58396da91,I_33c611a93421
B_c6a58396da91,I_507ff9b3a95a
B_c6a58396da91,I_5c7128342098
B_c6a58396da91,I_7863f0d8b3aa
B_c6a58396da91,I_9824aad8d483
B_c6a58396da91,I_9d76073e3202
B_c6a58396da91,I_a61f8a066711
B_c6a58396da91,I_aa74e6a57484
B_c6a58396da91,I_c4bfde956f89
B_c6a58396da91,I_f0e792b4c19b
B_c6a58396da91,I_f856d99edadb
B_c6a58396da91,I_fb96896c0091
B_c77dd198f7f8,I_11335cef8b7b
B_c77dd198f7f8,I_3a2add7e51a6
B_c77dd198f7f8,I_49133eda1d06
B_c77dd198f7f8,I_6a67ccd96bfa
B_c77dd198f7f8,I_7b47e11b1ba0
B_c848ff0bf533,I_31c5ad697194
B_c848ff0bf533,I_dac6273b2160
B_c8bb575903b1,I_17023cca962b
B_c8bb575903b1,I_35e460e0be2d
B_c8bb575903b1,I_3a691e1c4a9a
B_c8bb575903b1,I_9bc112363132
B_c8bb575903b1,I_d33bbc669919
B_c8e919ea29b3,I_e260ad19ee58
B_c98b17727329,I_0cdb4e463f01
B_c98b17727329,I_38e69bad5283
B_c98b17727329,I_697c553a150e
B_c98b17727329,I_9bc112363132
B_c98b17727329,I_fe91393ac4b9
B_c9e79060b5d1,I_0cdb4e463f01
B_c9e79060b5d1,I_33cdc63928b4
B_c9e79060b5d1,I_9bc112363132
B_c9e79060b5d1,I_ebb9c9929bf9
B_c9e79060b5d1,I_f1d6623edc6e
B_c9fc85bc5391,I_0cdb4e463f01
B_c9fc85bc5391,I_30b463ea96c2
B_c9fc85bc5391,I_697c553a150e
B_c9fc85bc5391,I_905dc7e81078
B_c9fc85bc5391,I_fe91393ac4b9
B_cb1bec7527dc,I_11335cef8b7b
B_cb1bec7527dc,I_13ead312c0f0
B_cb1bec7527dc,I_5b33ca2f3e29
B_cb1bec7527dc,I_67306f441516
B_cb1bec7527dc,I_6a67ccd96bfa
B_cb1bec7527dc,I_7b47e11b1ba0
B_cb732f31a9df,I_3aba20523542
B_cbb9cbc4342c,I_33b982eee6ee
B_cc2834e6e89c,I_3f05f2580f3d
B_cc2834e6e89c,I_6360c724ff5a
B_cc2834e6e89c,I_bf153202d255
B_cc690d46a954,I_a62cff7b9c8e
B_cc9c062aed9b,I_2d69fb30a9a1
B_cc9c062aed9b,I_3c42a5529350
B_cd1c1e0cdde8,I_d4b8b4bdebbc
B_cd63569b0226,I_0cdb4e463f01
B_cd63569b0226,I_2af7db82215d
B_cd63569b0226,I_38e69bad5283
B_cd63569b0226,I_9bc112363132
B_cd63569b0226,I_fd5a422ae630
B_cdd97ed847bd,I_11335cef8b7b
B_cdd97ed847bd,I_11da3ca394cf
B_cdd97ed847bd,I_178cfee36a7f
B_cdd97ed847bd,I_6a67ccd96bfa
B_cdd97ed847bd,I_704de07ccd74
B_cdd97ed847bd,I_b79aa7c22b40
B_cdd97ed847bd,I_be3ca2ff1efb
B_cdd97ed847bd,I_ffa13ba6ac30
B_ce2e9028f6ca,I_507ff9b3a95a
B_ce2e9028f6ca,I_7863f0d8b3aa
B_ce2e9028f6ca,I_c3c6466fe9ef
B_ce2e9028f6ca,I_fb96896c0091
B_ce6c46a1e6dd,I_24f2e7aa82c3
B_ce6c46a1e6dd,I_5cc719043231
B_d03cc59da8de,I_607b9ed0b0fb
B_d03cc59da8de,I_b11c8cb4ae9e
B_d03cc59da8de,I_fd0e1257de0f
B_d0867fda18fa,I_0cdb4e463f01
B_d0867fda18fa,I_9bc112363132
B_d0867fda18fa,I_de2bcf54e25c
B_d0a93609188f,I_11335cef8b7b
B_d0a93609188f,I_49133eda1d06
B_d0a93609188f,I_49ee6cc6a898
B_d0a93609188f,I_6a67ccd96bfa
B_d0a93609188f,I_7b47e11b1ba0
B_d0a93609188f,I_dbe1dfc501af
B_d15c83fccbdf,I_11335cef8b7b
B_d15c83fccbdf,I_6360c724ff5a
B_d15c83fccbdf,I_7b47e11b1ba0
B_d2034c54d828,I_2954de6a9a87
B_d2034c54d828,I_75a2de44160b
B_d25f1899eac9,I_1f6aa4c46890
B_d25f1899eac9,I_2c5c135b4312
B_d25f1899eac9,I_a37fb3a2b921
B_d25f1899eac9,I_ebb9c9929bf9
B_d271afeca6d4,I_5a2a2ba8ba7e
B_d271afeca6d4,I_6c7328ba39b2
B_d2aa0ae1be22,I_0cdb4e463f01
B_d2aa0ae1be22,I_9bc112363132
B_d3903b9c2b36,I_78c9a3c961fb
B_d3a8f8eefdae,I_6bf789024a7f
B_d3a8f8eefdae,I_7a326dd1649e
B_d3a8f8eefdae,I_b530518746ab
B_d3e7d6dbf594,I_01f2a9f26543
B_d3e7d6dbf594,I_514c3e825980
B_d4783b5da112,I_201a45d8f926
B_d4783b5da112,I_aa598211ad91
B_d4876a70ac40,I_2b4157a7e301
B_d4876a70ac40,I_2fa5374a4ab3
B_d4876a70ac40,I_66cb6c1b2531
B_d4876a70ac40,I_79c60f1563ab
B_d49acef78d3e,I_1218e61deb55
B_d49acef78d3e,I_62a8121c5aa7
B_d49acef78d3e,I_8e186010f1d3
B_d49acef78d3e,I_af0650f38fcf
B_d5464299a77e,I_33c611a93421
B_d5464299a77e,I_507ff9b3a95a
B_d5464299a77e,I_7863f0d8b3aa
B_d5464299a77e,I_997767dfc77e
B_d5464299a77e,I_f856d99edadb
B_d5464299a77e,I_fb96896c0091
B_d557836198e2,I_594f3e6efacf
B_d557836198e2,I_5c53e50238c9
B_d557836198e2,I_9a856c613715
B_d557836198e2,I_e7da15fdfe71
B_d557836198e2,I_ffa13ba6ac30
B_d5dfaab64e7e,I_11335cef8b7b
B_d5dfaab64e7e,I_6a67ccd96bfa
B_d5dfaab64e7e,I_7b47e11b1ba0
B_d5dfaab64e7e,I_e2e0c2121606
B_d6e4036273e6,I_0a1189664a5a
B_d6e4036273e6,I_19cf15dbb83f
B_d6e4036273e6,I_2a77674f6d82
B_d6e4036273e6,I_38e69bad5283
B_d6e4036273e6,I_40c06e738b4d
B_d6e4036273e6,I_64ecf5c11f85
B_d6e4036273e6,I_fd5a422ae630
B_d8348793c1d0,I_38e69bad5283
B_d8348793c1d0,I_d07edd4a9b6b
B_d8348793c1d0,I_fd5a422ae630
B_d8ad4afb638f,I_5f3505efd552
B_d8ad4afb638f,I_d3e8b8b3a6f1
B_d9381ac47ee2,I_acad74e0632f
B_dac3c0cf4817,I_063b9a58d0bc
B_dac3c0cf4817,I_3335082c4e18
B_dac3c0cf4817,I_404ae149ff7a
B_dac3c0cf4817,I_5fe9233019ab
B_dac3c0cf4817,I_77b042c718b6
B_dac3c0cf4817,I_8e5a82af19a0
B_dac3c0cf4817,I_a02581fea174
B_dac3c0cf4817,I_aec893165a22
B_dbdee8bcab07,I_752f23d7c0ef
B_dbdee8bcab07,I_da15f7bd492a
B_dc7c3b1e69f6,I_31c207fae0c0
B_dc7c3b1e69f6,I_3e356768f161
B_dc7c3b1e69f6,I_4f98457b567a
B_dc7c3b1e69f6,I_a7716344d9a6
B_dc9bbf66268b,I_09c52c5779dd
B_dc9bbf66268b,I_38e69bad5283
B_dc9bbf66268b,I_3cd09ea4ca57
B_dc9bbf66268b,I_dece03f0085e
B_dc9bbf66268b,I_fd5a422ae630
B_dd7444528519,I_38e69bad5283
B_dd7444528519,I_5612621db5f9
B_dd7444528519,I_fd5a422ae630
B_dea361e65cbc,I_02e1f440023c
B_dea361e65cbc,I_19f61d906cd1
B_dea361e65cbc,I_5f3505efd552
B_dea361e65cbc,I_9d6786a85c68
B_dea361e65cbc,I_d3e8b8b3a6f1
B_def320c9a361,I_ac1130b87838
B_df9dd7e778c9,I_2562d5d725fe
B_df9dd7e778c9,I_fd2235486e80
B_e0ba780c35d0,I_11335cef8b7b
B_e0ba780c35d0,I_49133eda1d06
B_e0ba780c35d0,I_6360c724ff5a
B_e0ba780c35d0,I_7b47e11b1ba0
B_e0c20a2ad8c5,I_0a8fb6b80c6b
B_e0c20a2ad8c5,I_423392bc4605
B_e0c20a2ad8c5,I_43852b7e86cd
B_e0c20a2ad8c5,I_74cef612cb48
B_e15860774c03,I_11335cef8b7b
B_e15860774c03,I_40b054130b71
B_e15860774c03,I_47cabd807b0c
B_e15860774c03,I_6a67ccd96bfa
B_e15860774c03,I_7b47e11b1ba0
B_e171ec9133a6,I_525181857060
B_e171ec9133a6,I_f174793e1a44
B_e203bbab0a3b,I_0cdb4e463f01
B_e203bbab0a3b,I_9bc112363132
B_e230b3dad561,I_11335cef8b7b
B_e230b3dad561,I_4ce08f65e94f
B_e230b3dad561,I_6a67ccd96bfa
B_e230b3dad561,I_7b47e11b1ba0
B_e230b3dad561,I_b6ac08a6c55e
B_e230b3dad561,I_ffa13ba6ac30
B_e23e36bae5e9,I_35e7de777af5
B_e23e36bae5e9,I_4ce08f65e94f
B_e23e36bae5e9,I_ffa13ba6ac30
B_e30d102545f6,I_38e69bad5283
B_e30d102545f6,I_4a9b2af17743
B_e30d102545f6,I_838051490565
B_e30d102545f6,I_baa9d46f32bc
B_e30d102545f6,I_ff976c4b8e60
B_e3e7a3c4daf4,I_697c553a150e
B_e3e7a3c4daf4,I_905dc7e81078
B_e3e7a3c4daf4,I_d07edd4a9b6b
B_e3e7a3c4daf4,I_fe91393ac4b9
B_e4584fcc6f35,I_3015826cfeb6
B_e4584fcc6f35,I_776bca60bef8
B_e4584fcc6f35,I_8eef7c6d838e
B_e4584fcc6f35,I_93f10e16c166
B_e4584fcc6f35,I_b8a7fb087b71
B_e4a2e176ad07,I_30bec486edb5
B_e4a2e176ad07,I_38e69bad5283
B_e4a2e176ad07,I_39c67b0b3f12
B_e4a2e176ad07,I_77b042c718b6
B_e4a2e176ad07,I_78811fe5cbd4
B_e4a2e176ad07,I_aec893165a22
B_e4a2e176ad07,I_baa9d46f32bc
B_e4a2e176ad07,I_e3747b074d8c
B_e4a2e176ad07,I_f5fe88cd876f
B_e4a2e176ad07,I_ff976c4b8e60
B_e5aa7540760d,I_38e69bad5283
B_e5aa7540760d,I_77b042c718b6
B_e5aa7540760d,I_86551f733113
B_e5aa7540760d,I_aec893165a22
B_e5aa7540760d,I_f5fe88cd876f
B_e671deac23e2,I_0d1c44b92b5a
B_e671deac23e2,I_16c6e94cad2a
B_e671deac23e2,I_372fc344a12e
B_e671deac23e2,I_5f3505efd552
B_e671deac23e2,I_9693a311221a
B_e671deac23e2,I_9d6786a85c68
B_e671deac23e2,I_b9c9a54264fd
B_e671deac23e2,I_d3e8b8b3a6f1
B_e671deac23e2,I_d86622597a36
B_e671deac23e2,I_f92840eb2208
B_e7141f788739,I_11335cef8b7b
B_e7141f788739,I_49133eda1d06
B_e7141f788739,I_899fb71a14d1
B_e81c24a4ad1c,I_06573244fdfa
B_e81c24a4ad1c,I_35e460e0be2d
B_e81c24a4ad1c,I_3a691e1c4a9a
B_e81c24a4ad1c,I_98727fd6b220
B_e81c24a4ad1c,I_d33bbc669919
B_e82f1e241c68,I_33c611a93421
B_e82f1e241c68,I_507ff9b3a95a
B_e82f1e241c68,I_7863f0d8b3aa
B_e82f1e241c68,I_f856d99edadb
B_e82f1e241c68,I_fb96896c0091
B_e8b1376b5909,I_11335cef8b7b
B_e8b1376b5909,I_3fccb258218f
B_e8b1376b5909,I_49133eda1d06
B_e8b1376b5909,I_4ce08f65e94f
B_e8b1376b5909,I_58d9f85f8262
B_e8b1376b5909,I_6a67ccd96bfa
B_e8b1376b5909,I_7b47e11b1ba0
B_e8b1376b5909,I_ffa13ba6ac30
B_ea3c37a211a2,I_baa9d46f32bc
B_ea3c37a211a2,I_cc6628d61f3a
B_ea4c6fc0fec6,I_11335cef8b7b
B_ea4c6fc0fec6,I_7b47e11b1ba0
B_ea604784fbdf,I_0cdb4e463f01
B_ea604784fbdf,I_9bc112363132
B_ea604784fbdf,I_b35397e518a3
B_ea604784fbdf,I_d07edd4a9b6b
B_ebba3120ba10,I_0cdb4e463f01
B_ebba3120ba10,I_27593d7df8bf
B_ebba3120ba10,I_2bf087f8091d
B_ebba3120ba10,I_9bc112363132
B_ebba3120ba10,I_baa9d46f32bc
B_ebba3120ba10,I_d07edd4a9b6b
B_ebba3120ba10,I_f5fe88cd876f
B_ec0c0e46ba0f,I_07a51d731a8a
B_ec0c0e46ba0f,I_fe2e5a6b26ab
B_ee0733131209,I_5c53e50238c9
B_ee0733131209,I_62a8121c5aa7
B_ee0733131209,I_a87fbfd8fd28
B_ee794d27f83f,I_11335cef8b7b
B_ee794d27f83f,I_33c611a93421
B_ee794d27f83f,I_49133eda1d06
B_ee794d27f83f,I_4de3b8290078
B_ee794d27f83f,I_507ff9b3a95a
B_ee794d27f83f,I_6a67ccd96bfa
B_ee794d27f83f,I_7863f0d8b3aa
B_ee794d27f83f,I_7b47e11b1ba0
B_ee794d27f83f,I_9d76073e3202
B_ee794d27f83f,I_aa74e6a57484
B_ee794d27f83f,I_f856d99edadb
B_ee794d27f83f,I_fb96896c0091
B_efb1f6307afb,I_1fe832fffb92
B_efb1f6307afb,I_697c553a150e
B_efb1f6307afb,I_905dc7e81078
B_efb1f6307afb,I_9693a311221a
B_efb1f6307afb,I_baa9d46f32bc
B_efb1f6307afb,I_dddc63541682
B_efb1f6307afb,I_ebb9c9929bf9
B_efb1f6307afb,I_fe91393ac4b9
B_f02579277f25,I_0cdb4e463f01
B_f02579277f25,I_5612621db5f9
B_f02579277f25,I_9bc112363132
B_f02579277f25,I_9c998133940c
B_f0ce4ad5a534,I_df28ad08c484
B_f0ce4ad5a534,I_fd0e1257de0f
B_f1687ea0394a,I_2a77674f6d82
B_f1687ea0394a,I_38e69bad5283
B_f1687ea0394a,I_697c553a150e
B_f1687ea0394a,I_905dc7e81078
B_f1687ea0394a,I_fd5a422ae630
B_f1687ea0394a,I_fe91393ac4b9
B_f1ab0c0777a8,I_1e09feea752e
B_f1ab0c0777a8,I_22329bc261b0
B_f1ab0c0777a8,I_31c5ad697194
B_f1ab0c0777a8,I_7a326dd1649e
B_f1ab0c0777a8,I_b530518746ab
B_f1ab0c0777a8,I_dac6273b2160
B_f1ab0c0777a8,I_f9bc4ae3b44f
B_f247078895bd,I_11335cef8b7b
B_f247078895bd,I_11da3ca394cf
B_f247078895bd,I_178cfee36a7f
B_f247078895bd,I_412235723a0e
B_f247078895bd,I_704de07ccd74
B_f247078895bd,I_7b47e11b1ba0
B_f247078895bd,I_b79aa7c22b40
B_f247078895bd,I_bb9193c03273
B_f303ea39cf7c,I_831658b07c8c
B_f3cdaa9d4db3,I_4034e26afd00
B_f3cdaa9d4db3,I_5f3505efd552
B_f3cdaa9d4db3,I_7841553eaff7
B_f3cdaa9d4db3,I_9d6786a85c68
B_f3cdaa9d4db3,I_a3d3923bfa18
B_f3cdaa9d4db3,I_bf41dd627fa1
B_f3cdaa9d4db3,I_cb1216a1283f
B_f3cdaa9d4db3,I_d3e8b8b3a6f1
B_f4c753896805,I_063b9a58d0bc
B_f4c753896805,I_1619e3fb0f2a
B_f4c753896805,I_3335082c4e18
B_f4c753896805,I_78e3be57572d
B_f4c753896805,I_8e5a82af19a0
B_f4c753896805,I_a02581fea174
B_f4c753896805,I_ac2014e91e9c
B_f4c753896805,I_aec893165a22
B_f4c753896805,I_baa9d46f32bc
B_f4c753896805,I_f5fe88cd876f
B_f58bc60134b4,I_1e56d95bdb1c
B_f58bc60134b4,I_29516b003fa2
B_f58bc60134b4,I_3a3e8a3006a7
B_f58bc60134b4,I_40a4c0fc62ad
B_f58bc60134b4,I_491a4370096f
B_f58bc60134b4,I_81c419c139f7
B_f58bc60134b4,I_8c15eca3af84
B_f58bc60134b4,I_9a547fa66fb9
B_f58bc60134b4,I_fc012d76c716
B_f6653dad601e,I_65f565f26214
B_f6653dad601e,I_b5d9e66bda54
B_f6653dad601e,I_bb83984694df
B_f6653dad601e,I_ea185406f1e1
B_f6b6a1af45fe,I_11335cef8b7b
B_f6b6a1af45fe,I_6a67ccd96bfa
B_f6b6a1af45fe,I_7b47e11b1ba0
B_f6b6a1af45fe,I_c11e456ffe14
B_f8858c727b5e,I_2a77674f6d82
B_f8858c727b5e,I_2af7db82215d
B_f8858c727b5e,I_38e69bad5283
B_f8858c727b5e,I_525181857060
B_f8858c727b5e,I_7792ab8df4b1
B_f8858c727b5e,I_a63648633551
B_f8858c727b5e,I_dece03f0085e
B_f8858c727b5e,I_fd5a422ae630
B_f8a7135455fb,I_96276192b27c
B_f904fb140fed,I_084b1d08fc11
B_f904fb140fed,I_15c09d57011c
B_f904fb140fed,I_165c63220ba9
B_f904fb140fed,I_5c4eed467d28
B_f904fb140fed,I_7a6d6ad4a726
B_f904fb140fed,I_f8ce88ffb69c
B_f91b2e696721,I_2bb269a065cd
B_f91b2e696721,I_2f611537869b
B_f91b2e696721,I_5c73efa79a5f
B_fa995b2bd8dd,I_28e4e9a9d77b
B_fa995b2bd8dd,I_38e69bad5283
B_fa995b2bd8dd,I_5de8f72bcf55
B_fa995b2bd8dd,I_d07edd4a9b6b
B_fa995b2bd8dd,I_fd5a422ae630
B_fc853deea4f1,I_1a936f868301
B_fc853deea4f1,I_b94a184319e2
B_fcdf4078cd47,I_7a264e1d4c94
B_fe7f32b45604,I_4ce08f65e94f
B_fe7f32b45604,I_ffa13ba6ac30
B_fe9de634699b,I_0cdb4e463f01
B_fe9de634699b,I_697c553a150e
B_fe9de634699b,I_9bc112363132
B_fe9de634699b,I_a02581fea174
B_fe9de634699b,I_baf27602c87e
B_fe9de634699b,I_f599dd9c371a
B_ff00e49316ec,I_11335cef8b7b
B_ff00e49316ec,I_5c860a6bd9d5
B_ff00e49316ec,I_6a67ccd96bfa
B_ff00e49316ec,I_7b47e11b1ba0
B_ff32aa50bece,I_c08b4c598b10
B_ff32aa50bece,I_c2a2b9ce373c
B_ff32aa50bece,I_cd752ffec31c
B_ff32aa50bece,I_d07edd4a9b6b
B_ff32aa50bece,I_edb6ea81170c
B_ff32aa50bece,I_f5cfa980d066
B_ff32aa50bece,I_f8a306c2df24
B_ffa77eb16ab3,I_2adaecd49b73
B_ffa77eb16ab3,I_726139a0182e
B_ffa77eb16ab3,I_9152ad5d60b1
B_ffa77eb16ab3,I_cc8ce9e64bc3
B_ffd5ba871c38,I_1a1178fdf6d8
B_ffd5ba871c38,I_32edbea104ee
B_ffd5ba871c38,I_7165399fd0d9
B_ffd5ba871c38,I_818f7347e352
B_ffd5ba871c38,I_827ba670ec2d
B_ffd5ba871c38,I_ccbb02dd556f
